scenario_id,scenario_label,family,replicate,seed,steps_completed,epidemic_ended,peak_infected,peak_infected_step,infected_person_steps,ever_infected,attack_rate_percent,final_susceptible,final_recovered,final_deceased,mortality_percent_population,final_vaccinated,peak_quarantine_zones,steps_with_quarantine,peak_hospital_patients
baseline,Baseline,reference,1,1000,334,True,38,166,5135,329,65.8,171,271,58,11.600000000000001,35,0,0,13
baseline,Baseline,reference,2,1001,170,True,44,29,3372,226,45.2,274,180,46,9.2,19,0,0,5
baseline,Baseline,reference,3,1002,250,True,50,76,4305,313,62.6,187,240,73,14.6,13,0,0,12
baseline,Baseline,reference,4,1003,219,True,50,70,4522,277,55.400000000000006,223,229,48,9.6,16,0,0,14
baseline,Baseline,reference,5,1004,363,True,46,84,5151,324,64.8,176,270,54,10.8,48,0,0,10
baseline,Baseline,reference,6,1005,217,True,22,20,2449,194,38.800000000000004,306,160,34,6.800000000000001,32,0,0,11
baseline,Baseline,reference,7,1006,246,True,56,76,5841,374,74.8,126,312,62,12.4,21,0,0,11
baseline,Baseline,reference,8,1007,187,True,50,56,3611,273,54.6,227,221,52,10.4,16,0,0,8
baseline,Baseline,reference,9,1008,209,True,49,74,3990,288,57.599999999999994,212,239,49,9.8,21,0,0,12
baseline,Baseline,reference,10,1009,184,True,39,38,3517,242,48.4,258,200,42,8.4,22,0,0,13
transmission_low,Lower transmission,transmission,1,1000,187,True,16,56,1652,123,24.6,377,103,20,4.0,20,0,0,5
transmission_low,Lower transmission,transmission,2,1001,209,True,18,57,1539,89,17.8,411,74,15,3.0,36,0,0,6
transmission_low,Lower transmission,transmission,3,1002,213,True,54,60,3657,229,45.800000000000004,271,178,51,10.2,22,0,0,6
transmission_low,Lower transmission,transmission,4,1003,316,True,17,73,1974,111,22.2,389,90,21,4.2,48,0,0,0
transmission_low,Lower transmission,transmission,5,1004,113,True,13,26,546,46,9.2,454,38,8,1.6,22,0,0,9
transmission_low,Lower transmission,transmission,6,1005,116,True,26,28,1306,104,20.8,396,92,12,2.4,20,0,0,12
transmission_low,Lower transmission,transmission,7,1006,376,True,48,88,4564,299,59.8,201,246,53,10.6,38,0,0,11
transmission_low,Lower transmission,transmission,8,1007,535,True,32,37,3407,236,47.199999999999996,264,187,49,9.8,49,0,0,6
transmission_low,Lower transmission,transmission,9,1008,200,True,34,79,2965,217,43.4,283,178,39,7.8,31,0,0,11
transmission_low,Lower transmission,transmission,10,1009,274,True,22,62,2733,184,36.8,316,157,27,5.4,41,0,0,7
transmission_high,Higher transmission,transmission,1,1000,235,True,56,48,4325,313,62.6,187,268,45,9.0,21,0,0,16
transmission_high,Higher transmission,transmission,2,1001,184,True,54,44,4336,293,58.599999999999994,207,236,57,11.4,19,0,0,8
transmission_high,Higher transmission,transmission,3,1002,241,True,73,97,5925,421,84.2,79,343,78,15.6,14,0,0,16
transmission_high,Higher transmission,transmission,4,1003,263,True,36,106,4158,299,59.8,201,234,65,13.0,16,0,0,12
transmission_high,Higher transmission,transmission,5,1004,173,True,64,28,4029,297,59.4,203,247,50,10.0,24,0,0,20
transmission_high,Higher transmission,transmission,6,1005,233,True,45,44,3003,232,46.400000000000006,268,201,31,6.2,35,0,0,19
transmission_high,Higher transmission,transmission,7,1006,198,True,66,100,5003,361,72.2,139,293,68,13.600000000000001,15,0,0,19
transmission_high,Higher transmission,transmission,8,1007,197,True,88,38,4797,350,70.0,150,281,69,13.8,13,0,0,14
transmission_high,Higher transmission,transmission,9,1008,213,True,83,88,6581,443,88.6,57,355,88,17.599999999999998,3,0,0,9
transmission_high,Higher transmission,transmission,10,1009,168,True,67,54,4888,329,65.8,171,278,51,10.2,19,0,0,18
vaccination_none,No vaccination points,vaccination,1,1000,279,True,43,48,2589,178,35.6,322,147,31,6.2,0,0,0,15
vaccination_none,No vaccination points,vaccination,2,1001,220,True,28,145,2752,206,41.199999999999996,294,168,38,7.6,0,0,0,6
vaccination_none,No vaccination points,vaccination,3,1002,366,True,42,73,5653,394,78.8,106,318,76,15.2,0,0,0,14
vaccination_none,No vaccination points,vaccination,4,1003,391,True,55,52,4878,342,68.4,158,275,67,13.4,0,0,0,11
vaccination_none,No vaccination points,vaccination,5,1004,209,True,53,41,3867,271,54.2,229,218,53,10.6,0,0,0,10
vaccination_none,No vaccination points,vaccination,6,1005,168,True,53,66,3589,266,53.2,234,221,45,9.0,0,0,0,14
vaccination_none,No vaccination points,vaccination,7,1006,153,True,57,67,4159,295,59.0,205,237,58,11.600000000000001,0,0,0,10
vaccination_none,No vaccination points,vaccination,8,1007,208,True,41,86,4488,300,60.0,200,245,55,11.0,0,0,0,10
vaccination_none,No vaccination points,vaccination,9,1008,251,True,59,90,4674,334,66.8,166,269,65,13.0,0,0,0,13
vaccination_none,No vaccination points,vaccination,10,1009,243,True,45,30,3506,246,49.2,254,208,38,7.6,0,0,0,14
vaccination_dense,Expanded vaccination programme,vaccination,1,1000,201,True,28,59,1560,124,24.8,376,112,12,2.4,190,0,0,11
vaccination_dense,Expanded vaccination programme,vaccination,2,1001,217,True,22,104,1774,124,24.8,376,102,22,4.3999999999999995,217,0,0,6
vaccination_dense,Expanded vaccination programme,vaccination,3,1002,211,True,48,56,2751,182,36.4,318,153,29,5.800000000000001,177,0,0,13
vaccination_dense,Expanded vaccination programme,vaccination,4,1003,206,True,34,19,2154,157,31.4,343,128,29,5.800000000000001,167,0,0,5
vaccination_dense,Expanded vaccination programme,vaccination,5,1004,162,True,16,63,1170,98,19.6,402,85,13,2.6,162,0,0,6
vaccination_dense,Expanded vaccination programme,vaccination,6,1005,229,True,42,36,3258,231,46.2,269,189,42,8.4,171,0,0,10
vaccination_dense,Expanded vaccination programme,vaccination,7,1006,319,True,39,57,2798,198,39.6,302,167,31,6.2,231,0,0,13
vaccination_dense,Expanded vaccination programme,vaccination,8,1007,180,True,40,91,3630,248,49.6,252,199,49,9.8,132,0,0,12
vaccination_dense,Expanded vaccination programme,vaccination,9,1008,114,True,26,23,1535,116,23.200000000000003,384,96,20,4.0,131,0,0,12
vaccination_dense,Expanded vaccination programme,vaccination,10,1009,183,True,47,64,2936,200,40.0,300,157,43,8.6,169,0,0,8
hospital_none,No hospital support,hospital,1,1000,213,True,62,92,6650,409,81.8,91,319,90,18.0,15,0,0,0
hospital_none,No hospital support,hospital,2,1001,242,True,42,48,3965,269,53.800000000000004,231,210,59,11.799999999999999,30,0,0,0
hospital_none,No hospital support,hospital,3,1002,244,True,52,59,5760,376,75.2,124,285,91,18.2,14,0,0,0
hospital_none,No hospital support,hospital,4,1003,396,True,59,50,5360,349,69.8,151,278,71,14.2,15,0,0,0
hospital_none,No hospital support,hospital,5,1004,288,True,45,50,6170,383,76.6,117,304,79,15.8,28,0,0,0
hospital_none,No hospital support,hospital,6,1005,113,True,61,55,2893,200,40.0,300,153,47,9.4,17,0,0,0
hospital_none,No hospital support,hospital,7,1006,202,True,56,71,5600,351,70.19999999999999,149,276,75,15.0,16,0,0,0
hospital_none,No hospital support,hospital,8,1007,389,True,50,74,5486,319,63.800000000000004,181,257,62,12.4,31,0,0,0
hospital_none,No hospital support,hospital,9,1008,272,True,38,162,5471,357,71.39999999999999,143,279,78,15.6,20,0,0,0
hospital_none,No hospital support,hospital,10,1009,470,True,37,48,5123,311,62.2,189,248,63,12.6,54,0,0,0
hospital_expanded,Expanded hospital coverage,hospital,1,1000,157,True,14,36,1012,124,24.8,376,113,11,2.1999999999999997,18,0,0,10
hospital_expanded,Expanded hospital coverage,hospital,2,1001,208,True,26,24,2482,232,46.400000000000006,268,197,35,7.000000000000001,18,0,0,11
hospital_expanded,Expanded hospital coverage,hospital,3,1002,77,True,23,51,799,108,21.6,392,99,9,1.7999999999999998,8,0,0,19
hospital_expanded,Expanded hospital coverage,hospital,4,1003,182,True,29,68,2857,235,47.0,265,202,33,6.6000000000000005,17,0,0,11
hospital_expanded,Expanded hospital coverage,hospital,5,1004,116,True,31,36,1365,131,26.200000000000003,369,113,18,3.5999999999999996,22,0,0,17
hospital_expanded,Expanded hospital coverage,hospital,6,1005,175,True,18,56,1704,159,31.8,341,140,19,3.8,23,0,0,9
hospital_expanded,Expanded hospital coverage,hospital,7,1006,194,True,27,54,2403,219,43.8,281,197,22,4.3999999999999995,23,0,0,9
hospital_expanded,Expanded hospital coverage,hospital,8,1007,166,True,49,40,3390,260,52.0,240,220,40,8.0,30,0,0,6
hospital_expanded,Expanded hospital coverage,hospital,9,1008,392,True,23,90,3195,207,41.4,293,159,48,9.6,59,0,0,6
hospital_expanded,Expanded hospital coverage,hospital,10,1009,157,True,26,43,1641,187,37.4,313,161,26,5.2,22,0,0,14
avoidance_none,No avoidance behavior,behavior,1,1000,243,True,40,59,3909,267,53.400000000000006,233,226,41,8.200000000000001,28,0,0,9
avoidance_none,No avoidance behavior,behavior,2,1001,183,True,42,37,1911,138,27.6,362,116,22,4.3999999999999995,22,0,0,6
avoidance_none,No avoidance behavior,behavior,3,1002,249,True,36,98,3514,225,45.0,275,189,36,7.199999999999999,33,0,0,17
avoidance_none,No avoidance behavior,behavior,4,1003,319,True,20,65,2852,176,35.199999999999996,324,139,37,7.3999999999999995,32,0,0,0
avoidance_none,No avoidance behavior,behavior,5,1004,301,True,29,26,3021,230,46.0,270,192,38,7.6,41,0,0,15
avoidance_none,No avoidance behavior,behavior,6,1005,200,True,44,27,3931,286,57.199999999999996,214,220,66,13.200000000000001,28,0,0,13
avoidance_none,No avoidance behavior,behavior,7,1006,218,True,51,70,4169,296,59.199999999999996,204,234,62,12.4,29,0,0,12
avoidance_none,No avoidance behavior,behavior,8,1007,241,True,61,49,5393,355,71.0,145,297,58,11.600000000000001,30,0,0,9
avoidance_none,No avoidance behavior,behavior,9,1008,240,True,29,30,2392,182,36.4,318,157,25,5.0,37,0,0,5
avoidance_none,No avoidance behavior,behavior,10,1009,299,True,41,38,2952,214,42.8,286,188,26,5.2,47,0,0,8
avoidance_high,High avoidance behavior,behavior,1,1000,357,True,40,47,3584,257,51.4,243,221,36,7.199999999999999,33,0,0,13
avoidance_high,High avoidance behavior,behavior,2,1001,191,True,46,116,4442,320,64.0,180,259,61,12.2,16,0,0,11
avoidance_high,High avoidance behavior,behavior,3,1002,250,True,75,69,5931,411,82.19999999999999,89,325,86,17.2,10,0,0,12
avoidance_high,High avoidance behavior,behavior,4,1003,293,True,48,123,5617,351,70.19999999999999,149,289,62,12.4,15,0,0,9
avoidance_high,High avoidance behavior,behavior,5,1004,233,True,42,29,2894,209,41.8,291,168,41,8.200000000000001,37,0,0,10
avoidance_high,High avoidance behavior,behavior,6,1005,264,True,34,53,3549,258,51.6,242,225,33,6.6000000000000005,33,0,0,8
avoidance_high,High avoidance behavior,behavior,7,1006,269,True,36,47,3338,226,45.2,274,186,40,8.0,21,0,0,8
avoidance_high,High avoidance behavior,behavior,8,1007,211,True,34,28,3045,221,44.2,279,184,37,7.3999999999999995,21,0,0,5
avoidance_high,High avoidance behavior,behavior,9,1008,227,True,54,62,4565,337,67.4,163,271,66,13.200000000000001,22,0,0,11
avoidance_high,High avoidance behavior,behavior,10,1009,365,True,48,42,5285,361,72.2,139,298,63,12.6,14,0,0,12
quarantine_disabled,Quarantine disabled,quarantine,1,1000,334,True,38,166,5135,329,65.8,171,271,58,11.600000000000001,35,0,0,13
quarantine_disabled,Quarantine disabled,quarantine,2,1001,170,True,44,29,3372,226,45.2,274,180,46,9.2,19,0,0,5
quarantine_disabled,Quarantine disabled,quarantine,3,1002,250,True,50,76,4305,313,62.6,187,240,73,14.6,13,0,0,12
quarantine_disabled,Quarantine disabled,quarantine,4,1003,219,True,50,70,4522,277,55.400000000000006,223,229,48,9.6,16,0,0,14
quarantine_disabled,Quarantine disabled,quarantine,5,1004,363,True,46,84,5151,324,64.8,176,270,54,10.8,48,0,0,10
quarantine_disabled,Quarantine disabled,quarantine,6,1005,217,True,22,20,2449,194,38.800000000000004,306,160,34,6.800000000000001,32,0,0,11
quarantine_disabled,Quarantine disabled,quarantine,7,1006,246,True,56,76,5841,374,74.8,126,312,62,12.4,21,0,0,11
quarantine_disabled,Quarantine disabled,quarantine,8,1007,187,True,50,56,3611,273,54.6,227,221,52,10.4,16,0,0,8
quarantine_disabled,Quarantine disabled,quarantine,9,1008,209,True,49,74,3990,288,57.599999999999994,212,239,49,9.8,21,0,0,12
quarantine_disabled,Quarantine disabled,quarantine,10,1009,184,True,39,38,3517,242,48.4,258,200,42,8.4,22,0,0,13
quarantine_early,Early quarantine activation,quarantine,1,1000,79,True,24,38,802,72,14.399999999999999,428,67,5,1.0,22,22,16,8
quarantine_early,Early quarantine activation,quarantine,2,1001,335,True,35,20,2991,183,36.6,317,140,43,8.6,49,32,31,6
quarantine_early,Early quarantine activation,quarantine,3,1002,304,True,40,41,2583,180,36.0,320,143,37,7.3999999999999995,33,31,37,8
quarantine_early,Early quarantine activation,quarantine,4,1003,178,True,27,75,2012,149,29.799999999999997,351,126,23,4.6,16,26,35,6
quarantine_early,Early quarantine activation,quarantine,5,1004,135,True,29,26,1097,80,16.0,420,66,14,2.8000000000000003,29,22,23,9
quarantine_early,Early quarantine activation,quarantine,6,1005,301,True,34,75,3401,220,44.0,280,184,36,7.199999999999999,32,30,44,10
quarantine_early,Early quarantine activation,quarantine,7,1006,114,True,29,20,1136,79,15.8,421,60,19,3.8,26,28,29,3
quarantine_early,Early quarantine activation,quarantine,8,1007,98,True,34,30,1359,77,15.4,423,62,15,3.0,15,32,36,6
quarantine_early,Early quarantine activation,quarantine,9,1008,292,True,30,25,3060,211,42.199999999999996,289,180,31,6.2,20,29,45,9
quarantine_early,Early quarantine activation,quarantine,10,1009,163,True,31,29,1185,102,20.4,398,88,14,2.8000000000000003,27,31,25,5
