scenario_id,scenario_label,family,replicate,seed,step,Susceptible,Exposed,Infected,Recovered,Deceased,Vaccinated,QuarantineZones,HospitalPatients,InfectedPercent
transmission_high,Higher transmission,transmission,6,1005,0,495,0,5,0,0,0,0,0,1.0
transmission_high,Higher transmission,transmission,6,1005,1,490,5,5,0,0,1,0,0,1.0
transmission_high,Higher transmission,transmission,6,1005,2,487,8,4,1,0,1,0,0,0.8
transmission_high,Higher transmission,transmission,6,1005,3,485,10,4,1,0,2,0,0,0.8
transmission_high,Higher transmission,transmission,6,1005,4,484,11,4,1,0,2,0,0,0.8
transmission_high,Higher transmission,transmission,6,1005,5,481,14,4,1,0,2,0,0,0.8
transmission_high,Higher transmission,transmission,6,1005,6,478,12,9,1,0,2,0,0,1.7999999999999998
transmission_high,Higher transmission,transmission,6,1005,7,472,15,12,1,0,2,0,2,2.4
transmission_high,Higher transmission,transmission,6,1005,8,468,17,12,2,1,2,0,2,2.4
transmission_high,Higher transmission,transmission,6,1005,9,463,21,13,2,1,3,0,2,2.6
transmission_high,Higher transmission,transmission,6,1005,10,461,20,15,3,1,3,0,2,3.0
transmission_high,Higher transmission,transmission,6,1005,11,454,24,16,4,2,3,0,2,3.2
transmission_high,Higher transmission,transmission,6,1005,12,448,24,21,5,2,4,0,4,4.2
transmission_high,Higher transmission,transmission,6,1005,13,443,25,22,7,3,5,0,5,4.3999999999999995
transmission_high,Higher transmission,transmission,6,1005,14,439,24,24,10,3,5,0,6,4.8
transmission_high,Higher transmission,transmission,6,1005,15,437,24,25,11,3,5,0,6,5.0
transmission_high,Higher transmission,transmission,6,1005,16,434,20,30,13,3,6,0,7,6.0
transmission_high,Higher transmission,transmission,6,1005,17,430,18,33,14,5,6,0,8,6.6000000000000005
transmission_high,Higher transmission,transmission,6,1005,18,428,15,33,18,6,6,0,9,6.6000000000000005
transmission_high,Higher transmission,transmission,6,1005,19,420,19,34,21,6,6,0,9,6.800000000000001
transmission_high,Higher transmission,transmission,6,1005,20,419,18,32,25,6,7,0,10,6.4
transmission_high,Higher transmission,transmission,6,1005,21,415,19,31,27,8,8,0,10,6.2
transmission_high,Higher transmission,transmission,6,1005,22,413,17,29,32,9,8,0,9,5.800000000000001
transmission_high,Higher transmission,transmission,6,1005,23,409,19,28,34,10,8,0,9,5.6000000000000005
transmission_high,Higher transmission,transmission,6,1005,24,405,15,34,36,10,9,0,8,6.800000000000001
transmission_high,Higher transmission,transmission,6,1005,25,400,19,34,37,10,9,0,10,6.800000000000001
transmission_high,Higher transmission,transmission,6,1005,26,396,19,34,40,11,11,0,10,6.800000000000001
transmission_high,Higher transmission,transmission,6,1005,27,393,20,32,44,11,11,0,10,6.4
transmission_high,Higher transmission,transmission,6,1005,28,392,17,35,45,11,12,0,10,7.000000000000001
transmission_high,Higher transmission,transmission,6,1005,29,391,14,35,48,12,12,0,8,7.000000000000001
transmission_high,Higher transmission,transmission,6,1005,30,388,12,38,50,12,12,0,7,7.6
transmission_high,Higher transmission,transmission,6,1005,31,383,13,37,54,13,12,0,6,7.3999999999999995
transmission_high,Higher transmission,transmission,6,1005,32,379,14,35,59,13,12,0,5,7.000000000000001
transmission_high,Higher transmission,transmission,6,1005,33,377,15,32,63,13,13,0,4,6.4
transmission_high,Higher transmission,transmission,6,1005,34,373,18,32,64,13,13,0,5,6.4
transmission_high,Higher transmission,transmission,6,1005,35,369,19,34,65,13,13,0,5,6.800000000000001
transmission_high,Higher transmission,transmission,6,1005,36,368,15,36,68,13,13,0,5,7.199999999999999
transmission_high,Higher transmission,transmission,6,1005,37,363,16,37,71,13,13,0,5,7.3999999999999995
transmission_high,Higher transmission,transmission,6,1005,38,360,17,37,73,13,13,0,5,7.3999999999999995
transmission_high,Higher transmission,transmission,6,1005,39,355,18,39,74,14,13,0,11,7.8
transmission_high,Higher transmission,transmission,6,1005,40,353,16,42,75,14,13,0,10,8.4
transmission_high,Higher transmission,transmission,6,1005,41,351,17,42,75,15,14,0,10,8.4
transmission_high,Higher transmission,transmission,6,1005,42,350,13,43,79,15,14,0,12,8.6
transmission_high,Higher transmission,transmission,6,1005,43,346,14,42,83,15,15,0,11,8.4
transmission_high,Higher transmission,transmission,6,1005,44,343,12,45,85,15,15,0,10,9.0
transmission_high,Higher transmission,transmission,6,1005,45,341,12,44,88,15,15,0,12,8.799999999999999
transmission_high,Higher transmission,transmission,6,1005,46,339,12,44,89,16,15,0,16,8.799999999999999
transmission_high,Higher transmission,transmission,6,1005,47,337,13,43,91,16,15,0,15,8.6
transmission_high,Higher transmission,transmission,6,1005,48,331,15,42,96,16,16,0,13,8.4
transmission_high,Higher transmission,transmission,6,1005,49,330,13,40,100,17,16,0,13,8.0
transmission_high,Higher transmission,transmission,6,1005,50,329,12,39,102,18,16,0,14,7.8
transmission_high,Higher transmission,transmission,6,1005,51,329,10,37,106,18,16,0,14,7.3999999999999995
transmission_high,Higher transmission,transmission,6,1005,52,327,10,37,108,18,17,0,14,7.3999999999999995
transmission_high,Higher transmission,transmission,6,1005,53,326,5,41,110,18,18,0,15,8.200000000000001
transmission_high,Higher transmission,transmission,6,1005,54,322,8,41,111,18,18,0,17,8.200000000000001
transmission_high,Higher transmission,transmission,6,1005,55,321,8,39,114,18,18,0,19,7.8
transmission_high,Higher transmission,transmission,6,1005,56,319,10,37,116,18,18,0,19,7.3999999999999995
transmission_high,Higher transmission,transmission,6,1005,57,318,9,38,117,18,18,0,17,7.6
transmission_high,Higher transmission,transmission,6,1005,58,318,8,35,121,18,19,0,17,7.000000000000001
transmission_high,Higher transmission,transmission,6,1005,59,317,5,38,122,18,19,0,14,7.6
transmission_high,Higher transmission,transmission,6,1005,60,315,6,35,125,19,19,0,13,7.000000000000001
transmission_high,Higher transmission,transmission,6,1005,61,313,6,34,128,19,19,0,11,6.800000000000001
transmission_high,Higher transmission,transmission,6,1005,62,311,7,31,132,19,19,0,12,6.2
transmission_high,Higher transmission,transmission,6,1005,63,311,7,31,132,19,19,0,11,6.2
transmission_high,Higher transmission,transmission,6,1005,64,311,6,26,138,19,20,0,11,5.2
transmission_high,Higher transmission,transmission,6,1005,65,311,4,25,141,19,20,0,11,5.0
transmission_high,Higher transmission,transmission,6,1005,66,311,2,25,143,19,20,0,9,5.0
transmission_high,Higher transmission,transmission,6,1005,67,310,1,26,144,19,20,0,9,5.2
transmission_high,Higher transmission,transmission,6,1005,68,310,1,26,144,19,20,0,11,5.2
transmission_high,Higher transmission,transmission,6,1005,69,310,1,24,146,19,20,0,11,4.8
transmission_high,Higher transmission,transmission,6,1005,70,310,1,24,146,19,20,0,11,4.8
transmission_high,Higher transmission,transmission,6,1005,71,309,2,23,146,20,20,0,10,4.6
transmission_high,Higher transmission,transmission,6,1005,72,307,3,21,149,20,20,0,9,4.2
transmission_high,Higher transmission,transmission,6,1005,73,306,4,18,152,20,20,0,9,3.5999999999999996
transmission_high,Higher transmission,transmission,6,1005,74,306,4,16,154,20,20,0,7,3.2
transmission_high,Higher transmission,transmission,6,1005,75,304,6,16,154,20,20,0,7,3.2
transmission_high,Higher transmission,transmission,6,1005,76,304,5,16,154,21,20,0,6,3.2
transmission_high,Higher transmission,transmission,6,1005,77,304,3,16,156,21,20,0,6,3.2
transmission_high,Higher transmission,transmission,6,1005,78,304,2,16,156,22,21,0,4,3.2
transmission_high,Higher transmission,transmission,6,1005,79,303,3,14,158,22,21,0,3,2.8000000000000003
transmission_high,Higher transmission,transmission,6,1005,80,302,2,15,159,22,21,0,3,3.0
transmission_high,Higher transmission,transmission,6,1005,81,302,2,14,160,22,21,0,2,2.8000000000000003
transmission_high,Higher transmission,transmission,6,1005,82,302,2,13,160,23,21,0,2,2.6
transmission_high,Higher transmission,transmission,6,1005,83,302,2,13,160,23,21,0,3,2.6
transmission_high,Higher transmission,transmission,6,1005,84,301,2,13,161,23,21,0,3,2.6
transmission_high,Higher transmission,transmission,6,1005,85,301,1,13,162,23,22,0,2,2.6
transmission_high,Higher transmission,transmission,6,1005,86,300,2,12,163,23,22,0,2,2.4
transmission_high,Higher transmission,transmission,6,1005,87,299,3,12,163,23,22,0,2,2.4
transmission_high,Higher transmission,transmission,6,1005,88,297,5,10,165,23,22,0,2,2.0
transmission_high,Higher transmission,transmission,6,1005,89,297,4,11,165,23,22,0,2,2.1999999999999997
transmission_high,Higher transmission,transmission,6,1005,90,297,4,11,165,23,22,0,2,2.1999999999999997
transmission_high,Higher transmission,transmission,6,1005,91,296,4,12,165,23,22,0,2,2.4
transmission_high,Higher transmission,transmission,6,1005,92,295,4,12,166,23,22,0,2,2.4
transmission_high,Higher transmission,transmission,6,1005,93,295,2,12,167,24,22,0,1,2.4
transmission_high,Higher transmission,transmission,6,1005,94,295,2,12,167,24,23,0,2,2.4
transmission_high,Higher transmission,transmission,6,1005,95,295,2,11,168,24,23,0,2,2.1999999999999997
transmission_high,Higher transmission,transmission,6,1005,96,294,2,10,170,24,23,0,2,2.0
transmission_high,Higher transmission,transmission,6,1005,97,294,1,11,170,24,23,0,1,2.1999999999999997
transmission_high,Higher transmission,transmission,6,1005,98,293,2,11,170,24,23,0,1,2.1999999999999997
transmission_high,Higher transmission,transmission,6,1005,99,293,2,11,170,24,23,0,1,2.1999999999999997
transmission_high,Higher transmission,transmission,6,1005,100,293,2,11,170,24,23,0,1,2.1999999999999997
transmission_high,Higher transmission,transmission,6,1005,101,293,1,12,170,24,23,0,1,2.4
transmission_high,Higher transmission,transmission,6,1005,102,293,1,11,170,25,23,0,1,2.1999999999999997
transmission_high,Higher transmission,transmission,6,1005,103,293,0,11,171,25,24,0,1,2.1999999999999997
transmission_high,Higher transmission,transmission,6,1005,104,292,1,10,171,26,24,0,1,2.0
transmission_high,Higher transmission,transmission,6,1005,105,292,1,8,173,26,24,0,1,1.6
transmission_high,Higher transmission,transmission,6,1005,106,292,1,8,173,26,24,0,1,1.6
transmission_high,Higher transmission,transmission,6,1005,107,291,2,7,174,26,24,0,1,1.4000000000000001
transmission_high,Higher transmission,transmission,6,1005,108,291,2,6,175,26,24,0,1,1.2
transmission_high,Higher transmission,transmission,6,1005,109,290,2,5,177,26,24,0,1,1.0
transmission_high,Higher transmission,transmission,6,1005,110,289,3,4,178,26,24,0,1,0.8
transmission_high,Higher transmission,transmission,6,1005,111,289,3,3,178,27,24,0,1,0.6
transmission_high,Higher transmission,transmission,6,1005,112,289,2,3,179,27,24,0,0,0.6
transmission_high,Higher transmission,transmission,6,1005,113,289,2,3,179,27,25,0,0,0.6
transmission_high,Higher transmission,transmission,6,1005,114,289,1,4,179,27,25,0,0,0.8
transmission_high,Higher transmission,transmission,6,1005,115,289,0,5,179,27,25,0,0,1.0
transmission_high,Higher transmission,transmission,6,1005,116,289,0,5,179,27,25,0,0,1.0
transmission_high,Higher transmission,transmission,6,1005,117,288,1,5,179,27,25,0,0,1.0
transmission_high,Higher transmission,transmission,6,1005,118,288,1,5,179,27,25,0,0,1.0
transmission_high,Higher transmission,transmission,6,1005,119,288,1,5,179,27,25,0,0,1.0
transmission_high,Higher transmission,transmission,6,1005,120,288,1,5,179,27,25,0,0,1.0
transmission_high,Higher transmission,transmission,6,1005,121,287,2,5,179,27,25,0,0,1.0
transmission_high,Higher transmission,transmission,6,1005,122,286,2,5,180,27,25,0,0,1.0
transmission_high,Higher transmission,transmission,6,1005,123,286,2,5,180,27,25,0,0,1.0
transmission_high,Higher transmission,transmission,6,1005,124,285,3,5,180,27,25,0,0,1.0
transmission_high,Higher transmission,transmission,6,1005,125,284,4,5,180,27,25,0,0,1.0
transmission_high,Higher transmission,transmission,6,1005,126,284,3,6,180,27,25,0,0,1.2
transmission_high,Higher transmission,transmission,6,1005,127,284,2,6,181,27,25,0,0,1.2
transmission_high,Higher transmission,transmission,6,1005,128,284,2,6,181,27,26,0,0,1.2
transmission_high,Higher transmission,transmission,6,1005,129,284,1,7,181,27,26,0,1,1.4000000000000001
transmission_high,Higher transmission,transmission,6,1005,130,283,1,8,181,27,27,0,1,1.6
transmission_high,Higher transmission,transmission,6,1005,131,283,1,8,181,27,27,0,1,1.6
transmission_high,Higher transmission,transmission,6,1005,132,283,1,7,182,27,27,0,1,1.4000000000000001
transmission_high,Higher transmission,transmission,6,1005,133,283,1,6,183,27,27,0,1,1.2
transmission_high,Higher transmission,transmission,6,1005,134,283,1,6,183,27,27,0,2,1.2
transmission_high,Higher transmission,transmission,6,1005,135,283,0,6,184,27,27,0,3,1.2
transmission_high,Higher transmission,transmission,6,1005,136,283,0,5,185,27,27,0,3,1.0
transmission_high,Higher transmission,transmission,6,1005,137,283,0,5,185,27,27,0,3,1.0
transmission_high,Higher transmission,transmission,6,1005,138,283,0,3,187,27,27,0,2,0.6
transmission_high,Higher transmission,transmission,6,1005,139,282,1,3,187,27,27,0,1,0.6
transmission_high,Higher transmission,transmission,6,1005,140,282,1,3,187,27,27,0,1,0.6
transmission_high,Higher transmission,transmission,6,1005,141,282,1,3,187,27,27,0,1,0.6
transmission_high,Higher transmission,transmission,6,1005,142,282,1,3,187,27,27,0,1,0.6
transmission_high,Higher transmission,transmission,6,1005,143,282,1,2,188,27,27,0,1,0.4
transmission_high,Higher transmission,transmission,6,1005,144,281,1,3,188,27,27,0,1,0.6
transmission_high,Higher transmission,transmission,6,1005,145,281,1,3,188,27,27,0,1,0.6
transmission_high,Higher transmission,transmission,6,1005,146,280,2,2,189,27,27,0,0,0.4
transmission_high,Higher transmission,transmission,6,1005,147,280,2,2,189,27,27,0,0,0.4
transmission_high,Higher transmission,transmission,6,1005,148,280,2,2,189,27,27,0,0,0.4
transmission_high,Higher transmission,transmission,6,1005,149,280,1,3,189,27,27,0,0,0.6
transmission_high,Higher transmission,transmission,6,1005,150,280,1,3,189,27,27,0,0,0.6
transmission_high,Higher transmission,transmission,6,1005,151,280,0,4,189,27,27,0,0,0.8
transmission_high,Higher transmission,transmission,6,1005,152,280,0,4,189,27,27,0,0,0.8
transmission_high,Higher transmission,transmission,6,1005,153,279,1,4,189,27,27,0,0,0.8
transmission_high,Higher transmission,transmission,6,1005,154,279,1,4,189,27,27,0,0,0.8
transmission_high,Higher transmission,transmission,6,1005,155,279,1,3,190,27,27,0,0,0.6
transmission_high,Higher transmission,transmission,6,1005,156,279,1,3,190,27,27,0,0,0.6
transmission_high,Higher transmission,transmission,6,1005,157,279,1,3,190,27,27,0,0,0.6
transmission_high,Higher transmission,transmission,6,1005,158,279,0,4,190,27,27,0,1,0.8
transmission_high,Higher transmission,transmission,6,1005,159,279,0,4,190,27,27,0,1,0.8
transmission_high,Higher transmission,transmission,6,1005,160,279,0,4,190,27,27,0,1,0.8
transmission_high,Higher transmission,transmission,6,1005,161,279,0,4,190,27,27,0,1,0.8
transmission_high,Higher transmission,transmission,6,1005,162,279,0,4,190,27,27,0,2,0.8
transmission_high,Higher transmission,transmission,6,1005,163,279,0,4,190,27,27,0,2,0.8
transmission_high,Higher transmission,transmission,6,1005,164,279,0,4,190,27,27,0,2,0.8
transmission_high,Higher transmission,transmission,6,1005,165,279,0,4,190,27,27,0,2,0.8
transmission_high,Higher transmission,transmission,6,1005,166,279,0,3,191,27,27,0,2,0.6
transmission_high,Higher transmission,transmission,6,1005,167,278,1,3,191,27,27,0,2,0.6
transmission_high,Higher transmission,transmission,6,1005,168,277,2,3,191,27,27,0,2,0.6
transmission_high,Higher transmission,transmission,6,1005,169,277,2,3,191,27,27,0,2,0.6
transmission_high,Higher transmission,transmission,6,1005,170,277,2,3,191,27,27,0,2,0.6
transmission_high,Higher transmission,transmission,6,1005,171,277,2,3,191,27,27,0,2,0.6
transmission_high,Higher transmission,transmission,6,1005,172,277,1,4,191,27,27,0,2,0.8
transmission_high,Higher transmission,transmission,6,1005,173,276,1,4,192,27,27,0,3,0.8
transmission_high,Higher transmission,transmission,6,1005,174,275,2,4,192,27,27,0,2,0.8
transmission_high,Higher transmission,transmission,6,1005,175,274,3,4,192,27,28,0,2,0.8
transmission_high,Higher transmission,transmission,6,1005,176,274,3,4,192,27,28,0,2,0.8
transmission_high,Higher transmission,transmission,6,1005,177,274,3,4,192,27,28,0,2,0.8
transmission_high,Higher transmission,transmission,6,1005,178,274,2,4,193,27,28,0,1,0.8
transmission_high,Higher transmission,transmission,6,1005,179,273,2,5,193,27,28,0,1,1.0
transmission_high,Higher transmission,transmission,6,1005,180,273,1,4,194,28,28,0,1,0.8
transmission_high,Higher transmission,transmission,6,1005,181,273,1,4,194,28,28,0,0,0.8
transmission_high,Higher transmission,transmission,6,1005,182,273,1,4,194,28,28,0,0,0.8
transmission_high,Higher transmission,transmission,6,1005,183,273,1,4,194,28,28,0,0,0.8
transmission_high,Higher transmission,transmission,6,1005,184,273,0,4,195,28,28,0,0,0.8
transmission_high,Higher transmission,transmission,6,1005,185,273,0,3,195,29,28,0,0,0.6
transmission_high,Higher transmission,transmission,6,1005,186,273,0,3,195,29,28,0,0,0.6
transmission_high,Higher transmission,transmission,6,1005,187,273,0,3,195,29,28,0,0,0.6
transmission_high,Higher transmission,transmission,6,1005,188,273,0,3,195,29,28,0,0,0.6
transmission_high,Higher transmission,transmission,6,1005,189,273,0,3,195,29,28,0,0,0.6
transmission_high,Higher transmission,transmission,6,1005,190,273,0,3,195,29,28,0,0,0.6
transmission_high,Higher transmission,transmission,6,1005,191,273,0,3,195,29,29,0,0,0.6
transmission_high,Higher transmission,transmission,6,1005,192,273,0,3,195,29,29,0,0,0.6
transmission_high,Higher transmission,transmission,6,1005,193,272,1,3,195,29,29,0,0,0.6
transmission_high,Higher transmission,transmission,6,1005,194,272,1,3,195,29,29,0,0,0.6
transmission_high,Higher transmission,transmission,6,1005,195,272,1,2,196,29,30,0,0,0.4
transmission_high,Higher transmission,transmission,6,1005,196,272,1,2,196,29,30,0,0,0.4
transmission_high,Higher transmission,transmission,6,1005,197,272,1,1,197,29,30,0,0,0.2
transmission_high,Higher transmission,transmission,6,1005,198,272,0,2,197,29,30,0,0,0.4
transmission_high,Higher transmission,transmission,6,1005,199,271,1,2,197,29,30,0,0,0.4
transmission_high,Higher transmission,transmission,6,1005,200,271,1,2,197,29,30,0,0,0.4
transmission_high,Higher transmission,transmission,6,1005,201,271,1,2,197,29,30,0,0,0.4
transmission_high,Higher transmission,transmission,6,1005,202,271,1,2,197,29,30,0,0,0.4
transmission_high,Higher transmission,transmission,6,1005,203,270,2,2,197,29,30,0,0,0.4
transmission_high,Higher transmission,transmission,6,1005,204,270,1,3,197,29,30,0,0,0.6
transmission_high,Higher transmission,transmission,6,1005,205,270,1,3,197,29,30,0,0,0.6
transmission_high,Higher transmission,transmission,6,1005,206,270,1,2,198,29,31,0,0,0.4
transmission_high,Higher transmission,transmission,6,1005,207,270,1,2,198,29,31,0,0,0.4
transmission_high,Higher transmission,transmission,6,1005,208,270,0,3,198,29,31,0,0,0.6
transmission_high,Higher transmission,transmission,6,1005,209,270,0,2,198,30,31,0,0,0.4
transmission_high,Higher transmission,transmission,6,1005,210,270,0,2,198,30,31,0,0,0.4
transmission_high,Higher transmission,transmission,6,1005,211,270,0,2,198,30,31,0,0,0.4
transmission_high,Higher transmission,transmission,6,1005,212,270,0,2,198,30,31,0,0,0.4
transmission_high,Higher transmission,transmission,6,1005,213,270,0,2,198,30,31,0,0,0.4
transmission_high,Higher transmission,transmission,6,1005,214,270,0,2,198,30,33,0,0,0.4
transmission_high,Higher transmission,transmission,6,1005,215,269,1,2,198,30,33,0,0,0.4
transmission_high,Higher transmission,transmission,6,1005,216,269,1,2,198,30,33,0,0,0.4
transmission_high,Higher transmission,transmission,6,1005,217,269,1,1,199,30,33,0,0,0.2
transmission_high,Higher transmission,transmission,6,1005,218,269,1,0,200,30,33,0,0,0.0
transmission_high,Higher transmission,transmission,6,1005,219,269,1,0,200,30,33,0,0,0.0
transmission_high,Higher transmission,transmission,6,1005,220,269,0,1,200,30,33,0,0,0.2
transmission_high,Higher transmission,transmission,6,1005,221,269,0,1,200,30,34,0,0,0.2
transmission_high,Higher transmission,transmission,6,1005,222,269,0,1,200,30,34,0,0,0.2
transmission_high,Higher transmission,transmission,6,1005,223,269,0,1,200,30,34,0,0,0.2
transmission_high,Higher transmission,transmission,6,1005,224,269,0,1,200,30,34,0,0,0.2
transmission_high,Higher transmission,transmission,6,1005,225,269,0,1,200,30,34,0,0,0.2
transmission_high,Higher transmission,transmission,6,1005,226,268,1,1,200,30,34,0,0,0.2
transmission_high,Higher transmission,transmission,6,1005,227,268,1,0,201,30,34,0,0,0.0
transmission_high,Higher transmission,transmission,6,1005,228,268,1,0,201,30,34,0,0,0.0
transmission_high,Higher transmission,transmission,6,1005,229,268,1,0,201,30,34,0,0,0.0
transmission_high,Higher transmission,transmission,6,1005,230,268,1,0,201,30,35,0,0,0.0
transmission_high,Higher transmission,transmission,6,1005,231,268,0,1,201,30,35,0,0,0.2
transmission_high,Higher transmission,transmission,6,1005,232,268,0,1,201,30,35,0,0,0.2
transmission_high,Higher transmission,transmission,6,1005,233,268,0,0,201,31,35,0,0,0.0
